episode,timestep,raw_reward
1,200,-20.808364981748444
2,400,-29.309960496026964
3,600,-27.72858844448889
