timestep,eval_reward
1,-0.40537115042697097
1000,-0.41595435169157663
2000,-0.4342445389927958
3000,-0.4403003949238619
4000,-0.463194188356956
5000,-0.44528439963591915
6000,-0.452044736203884
7000,-0.46532107154917374
8000,-0.44727353712522194
9000,-0.43416799672928624
