timestep,eval_reward
1,-0.48835612831394115
1000,-0.42253381666478396
2000,-0.4613982636785847
3000,-0.6293514588713179
4000,-0.47548673588819884
5000,-0.4886216391526143
6000,-0.6716290974602901
7000,-0.4643059707760743
8000,-0.4390159656173223
9000,-0.42990113441275996
