timestep,eval_reward
1,-0.4048635979005879
1000,-0.417835086934762
2000,-0.4355802334828982
3000,-0.45432060212585207
4000,-0.5050395374527076
5000,-0.46312292286324847
6000,-0.4373436267802812
7000,-0.42417419191586536
8000,-0.430977410041746
9000,-0.43835978090309907
