timestep,eval_reward
1,-0.4080398264927525
1000,-0.416607967904404
2000,-0.41668379221665197
3000,-0.42295671098814364
4000,-0.428033611077476
5000,-0.45284144948013166
6000,-0.4812208400277987
7000,-0.48504433926901264
8000,-0.4301888131594511
9000,-0.47992422410474667
