timestep,eval_reward
1,-0.40431015873046144
1000,-0.45891154041182985
2000,-0.42877592061468645
3000,-0.45111473622189807
4000,-0.430814267925798
5000,-0.4395137909910451
6000,-0.4429652986448269
7000,-0.4322167921089092
8000,-0.44824472587350134
9000,-0.43438580228874746
