episode,timestep,raw_reward
1,1,-100.45288757890819
2,124,-118.33843554549384
3,355,-117.29527396587032
4,444,-110.45527975534867
5,514,-110.34233893071391
6,574,-109.48470909400979
7,647,-109.37484410724876
8,711,-112.86447352523574
9,763,-111.51031395009531
