episode,timestep,raw_reward
1,254,-197.21360804362308
2,378,-114.28311284998024
3,424,-111.51160145979645
4,499,-110.4423408192369
5,545,-107.40419928840487
6,586,-107.52362323889884
7,626,-105.75762756656994
8,876,-119.27568157289076
9,1000,-104.15430546403006
10,1292,-123.812808014508
11,1792,-15.462157286402766
